timestamp,elapsed_sec,gsr_raw,phase
1777617611.043453,0.0018360614776611328,1302.0,baseline
1777617611.09355,0.05193305015563965,1301.0,baseline
1777617611.143405,0.10178804397583008,1301.0,baseline
1777617611.193533,0.1519160270690918,1301.0,baseline
1777617611.243679,0.20206212997436523,1299.0,baseline
1777617611.293706,0.2520890235900879,1302.0,baseline
1777617611.343658,0.30204105377197266,1303.0,baseline
1777617611.3937259,0.3521089553833008,1301.0,baseline
1777617611.443764,0.4021470546722412,1298.0,baseline
1777617611.4937768,0.4521598815917969,1298.0,baseline
1777617611.543875,0.5022580623626709,1299.0,baseline
1777617611.5938492,0.5522322654724121,1298.0,baseline
1777617611.643774,0.6021571159362793,1302.0,baseline
1777617611.693776,0.6521589756011963,1299.0,baseline
1777617611.7437718,0.7021548748016357,1298.0,baseline
1777617611.7938728,0.752255916595459,1298.0,baseline
1777617611.8439329,0.8023159503936768,1301.0,baseline
1777617611.8938901,0.8522732257843018,1299.0,baseline
1777617611.9440598,0.9024429321289062,1298.0,baseline
1777617611.994011,0.9523940086364746,1302.0,baseline
1777617612.044168,1.0025510787963867,1301.0,baseline
1777617612.093816,1.052199125289917,1302.0,baseline
1777617612.1437812,1.1021642684936523,1300.0,baseline
1777617612.193781,1.1521639823913574,1299.0,baseline
1777617612.243864,1.202247142791748,1298.0,baseline
1777617612.2938209,1.2522039413452148,1299.0,baseline
1777617612.343949,1.3023321628570557,1299.0,baseline
1777617612.393889,1.3522720336914062,1298.0,baseline
1777617612.444104,1.40248703956604,1298.0,baseline
1777617612.494153,1.4525361061096191,1299.0,baseline
1777617612.544213,1.502596139907837,1299.0,baseline
1777617612.5942678,1.5526509284973145,1299.0,baseline
1777617612.644245,1.6026279926300049,1299.0,baseline
1777617612.694278,1.6526610851287842,1298.0,baseline
1777617612.74436,1.7027430534362793,1299.0,baseline
1777617612.794327,1.7527101039886475,1301.0,baseline
1777617612.844398,1.802781105041504,1301.0,baseline
1777617612.8944142,1.852797269821167,1302.0,baseline
1777617612.94436,1.9027431011199951,1301.0,baseline
1777617612.994346,1.9527289867401123,1302.0,baseline
1777617613.044398,2.0027811527252197,1303.0,baseline
1777617613.094531,2.0529141426086426,1302.0,baseline
1777617613.144638,2.1030211448669434,1302.0,baseline
1777617613.194678,2.1530611515045166,1298.0,baseline
1777617613.2445529,2.2029359340667725,1301.0,baseline
1777617613.2946172,2.253000259399414,1298.0,baseline
1777617613.3446631,2.303046226501465,1298.0,baseline
1777617613.394621,2.353003978729248,1299.0,baseline
1777617613.444677,2.4030601978302,1297.0,baseline
1777617613.4946811,2.453064203262329,1301.0,baseline
1777617613.544886,2.5032691955566406,1300.0,baseline
1777617613.5948749,2.553257942199707,1299.0,baseline
1777617613.644875,2.6032581329345703,1300.0,baseline
1777617613.694895,2.653278112411499,1298.0,baseline
1777617613.7449431,2.7033262252807617,1299.0,baseline
1777617613.794925,2.753308057785034,1301.0,baseline
1777617613.8448498,2.8032329082489014,1301.0,baseline
1777617613.89502,2.853403091430664,1301.0,baseline
1777617613.944949,2.903331995010376,1302.0,baseline
1777617613.9950368,2.9534199237823486,1303.0,baseline
1777617614.045043,3.0034260749816895,1303.0,baseline
1777617614.414776,0.361403226852417,1300.0,stimulus
1777617614.414808,0.3614351749420166,1301.0,stimulus
1777617614.4148328,0.36145997047424316,1301.0,stimulus
1777617614.414858,0.36148524284362793,1300.0,stimulus
1777617614.414882,0.3615090847015381,1299.0,stimulus
1777617614.414916,0.3615431785583496,1301.0,stimulus
1777617614.415039,0.361666202545166,1302.0,stimulus
1777617614.444767,0.39139413833618164,1301.0,stimulus
1777617614.494776,0.4414031505584717,1300.0,stimulus
1777617614.5449972,0.4916243553161621,1300.0,stimulus
1777617614.595148,0.5417752265930176,1301.0,stimulus
1777617614.645223,0.5918500423431396,1301.0,stimulus
1777617614.695349,0.6419761180877686,1302.0,stimulus
1777617614.745183,0.691810131072998,1303.0,stimulus
1777617614.794954,0.7415812015533447,1301.0,stimulus
1777617614.845124,0.7917511463165283,1301.0,stimulus
1777617614.895225,0.8418521881103516,1301.0,stimulus
1777617614.945206,0.8918330669403076,1302.0,stimulus
1777617614.9951842,0.9418113231658936,1302.0,stimulus
1777617615.045366,0.9919931888580322,1299.0,stimulus
1777617615.0953119,1.0419390201568604,1301.0,stimulus
1777617615.14541,1.0920372009277344,1303.0,stimulus
1777617615.195433,1.1420600414276123,1301.0,stimulus
1777617615.245443,1.1920702457427979,1302.0,stimulus
1777617615.295479,1.2421061992645264,1299.0,stimulus
1777617615.345511,1.2921380996704102,1298.0,stimulus
1777617615.395587,1.3422141075134277,1298.0,stimulus
1777617615.445593,1.3922202587127686,1302.0,stimulus
1777617615.4953961,1.4420232772827148,1301.0,stimulus
1777617615.545664,1.4922912120819092,1301.0,stimulus
1777617615.595669,1.5422961711883545,1301.0,stimulus
1777617615.645687,1.5923142433166504,1297.0,stimulus
1777617615.695554,1.642181158065796,1299.0,stimulus
1777617615.745784,1.692411184310913,1299.0,stimulus
1777617615.795709,1.7423360347747803,1302.0,stimulus
1777617615.845803,1.7924301624298096,1303.0,stimulus
1777617615.89579,1.8424172401428223,1302.0,stimulus
1777617615.945764,1.8923912048339844,1302.0,stimulus
1777617615.995759,1.9423861503601074,1303.0,stimulus
1777617616.0458398,1.992466926574707,1303.0,stimulus
1777617616.0958972,2.0425243377685547,1300.0,stimulus
1777617616.145963,2.092590093612671,1301.0,stimulus
1777617616.195821,2.1424481868743896,1302.0,stimulus
1777617616.245892,2.192519187927246,1301.0,stimulus
1777617616.295821,2.242448091506958,1302.0,stimulus
1777617616.346018,2.292645215988159,1302.0,stimulus
1777617616.3960261,2.342653274536133,1301.0,stimulus
1777617616.446023,2.3926501274108887,1301.0,stimulus
1777617616.495897,2.4425241947174072,1300.0,stimulus
1777617616.546039,2.492666244506836,1302.0,stimulus
1777617616.5960069,2.5426340103149414,1302.0,stimulus
1777617616.6460822,2.5927093029022217,1302.0,stimulus
1777617616.696116,2.6427431106567383,1302.0,stimulus
1777617616.7461162,2.6927433013916016,1300.0,stimulus
1777617616.796204,2.742831230163574,1301.0,stimulus
1777617616.846116,2.79274320602417,1301.0,stimulus
1777617616.8962078,2.842834949493408,1303.0,stimulus
1777617616.946135,2.8927621841430664,1300.0,stimulus
1777617616.996309,2.9429361820220947,1301.0,stimulus
1777617617.0462341,2.992861270904541,1302.0,stimulus
1777617617.0963368,3.042963981628418,1299.0,stimulus
1777617617.146255,3.0928821563720703,1298.0,stimulus
1777617617.196385,3.143012046813965,1302.0,stimulus
1777617617.246285,3.1929121017456055,1302.0,stimulus
1777617617.2964091,3.2430362701416016,1301.0,stimulus
1777617617.346436,3.293063163757324,1303.0,stimulus
1777617617.396441,3.3430681228637695,1299.0,stimulus
1777617617.4464,3.3930270671844482,1301.0,stimulus
1777617617.496416,3.4430432319641113,1302.0,stimulus
1777617617.546485,3.493112087249756,1302.0,stimulus
1777617617.596543,3.543170213699341,1299.0,stimulus
1777617617.646529,3.593156099319458,1299.0,stimulus
1777617617.696633,3.6432602405548096,1299.0,stimulus
1777617617.7466218,3.693248987197876,1298.0,stimulus
1777617617.7966342,3.7432613372802734,1297.0,stimulus
1777617617.846626,3.793253183364868,1299.0,stimulus
1777617617.8966541,3.8432812690734863,1301.0,stimulus
1777617617.946644,3.8932712078094482,1300.0,stimulus
1777617617.996723,3.943350076675415,1302.0,stimulus
1777617618.046782,3.9934091567993164,1301.0,stimulus
1777617618.0967412,4.043368339538574,1303.0,stimulus
1777617618.1467671,4.0933942794799805,1300.0,stimulus
1777617618.1967008,4.143327951431274,1301.0,stimulus
1777617618.246907,4.1935341358184814,1303.0,stimulus
1777617618.29682,4.2434470653533936,1299.0,stimulus
1777617618.3469172,4.293544292449951,1298.0,stimulus
1777617618.396818,4.343445062637329,1298.0,stimulus
1777617618.4469068,4.393533945083618,1301.0,stimulus
1777617618.49679,4.443417072296143,1300.0,stimulus
1777617618.546935,4.4935622215271,1298.0,stimulus
1777617618.597014,4.543641090393066,1302.0,stimulus
1777617618.646964,4.593591213226318,1302.0,stimulus
1777617618.697042,4.643669128417969,1298.0,stimulus
1777617618.747013,4.693640232086182,1299.0,stimulus
1777617618.797067,4.743694067001343,1299.0,stimulus
1777617618.8471308,4.793757915496826,1302.0,stimulus
1777617618.897162,4.843789100646973,1303.0,stimulus
1777617618.947069,4.893696069717407,1303.0,stimulus
1777617618.99712,4.943747043609619,1302.0,stimulus
1777617619.047193,4.9938201904296875,1302.0,stimulus
1777617619.0971782,5.043805360794067,1298.0,stimulus
1777617619.1471229,5.09375,1301.0,stimulus
1777617619.277069,0.00020623207092285156,1301.0,post
1777617619.277185,0.00032210350036621094,1298.0,post
1777617619.297327,0.020464181900024414,1299.0,post
1777617619.3474061,0.07054328918457031,1299.0,post
1777617619.398649,0.12178611755371094,1301.0,post
1777617619.447103,0.17024016380310059,1301.0,post
1777617619.497309,0.22044610977172852,1299.0,post
1777617619.547461,0.2705981731414795,1299.0,post
1777617619.5975292,0.3206663131713867,1298.0,post
1777617619.647444,0.37058115005493164,1298.0,post
1777617619.697402,0.42053914070129395,1302.0,post
1777617619.747354,0.4704911708831787,1300.0,post
1777617619.797614,0.5207512378692627,1299.0,post
1777617619.8475149,0.5706520080566406,1301.0,post
1777617619.8976681,0.6208052635192871,1301.0,post
1777617619.947632,0.670769214630127,1301.0,post
1777617619.997683,0.7208201885223389,1301.0,post
1777617620.0477471,0.7708842754364014,1301.0,post
1777617620.097666,0.820803165435791,1299.0,post
1777617620.1477509,0.8708879947662354,1301.0,post
1777617620.197697,0.9208340644836426,1301.0,post
1777617620.247807,0.9709441661834717,1301.0,post
1777617620.2978299,1.0209670066833496,1296.0,post
1777617620.347865,1.0710022449493408,1298.0,post
1777617620.397743,1.120880126953125,1298.0,post
1777617620.447881,1.171018123626709,1297.0,post
1777617620.4976928,1.220829963684082,1302.0,post
1777617620.5479329,1.2710700035095215,1299.0,post
1777617620.5980082,1.3211452960968018,1301.0,post
1777617620.647946,1.3710830211639404,1302.0,post
1777617620.697993,1.4211301803588867,1299.0,post
1777617620.748034,1.4711711406707764,1300.0,post
1777617620.798042,1.52117919921875,1299.0,post
1777617620.848052,1.5711891651153564,1299.0,post
1777617620.898089,1.6212260723114014,1299.0,post
1777617620.94809,1.671227216720581,1298.0,post
1777617620.998144,1.7212810516357422,1298.0,post
1777617621.048131,1.7712681293487549,1299.0,post
1777617621.0981472,1.821284294128418,1299.0,post
1777617621.148006,1.871143102645874,1302.0,post
1777617621.1980019,1.9211390018463135,1302.0,post
1777617621.248134,1.97127103805542,1300.0,post
1777617621.2981849,2.021322011947632,1302.0,post
1777617621.3483148,2.0714519023895264,1301.0,post
1777617621.3982139,2.1213510036468506,1300.0,post
1777617621.448355,2.171492099761963,1302.0,post
1777617621.498378,2.22151517868042,1300.0,post
1777617621.5484002,2.2715373039245605,1299.0,post
1777617621.598301,2.3214380741119385,1299.0,post
1777617621.648361,2.3714981079101562,1299.0,post
1777617621.698448,2.4215850830078125,1301.0,post
1777617621.74845,2.4715871810913086,1300.0,post
1777617621.7984471,2.5215842723846436,1299.0,post
1777617621.8485272,2.571664333343506,1302.0,post
1777617621.898498,2.6216351985931396,1304.0,post
1777617621.948492,2.6716291904449463,1300.0,post
1777617621.998537,2.7216742038726807,1301.0,post
1777617622.048583,2.7717201709747314,1302.0,post
1777617622.098536,2.8216731548309326,1297.0,post
1777617622.1486342,2.8717713356018066,1301.0,post
1777617622.1985412,2.921678304672241,1299.0,post
1777617622.24869,2.9718270301818848,1301.0,post
1777617622.2986739,3.021811008453369,1303.0,post
